town,state
Zwingle,Iowa
Zearing,Iowa
Yorktown,Iowa
Yetter,Iowa
Yarmouth,Iowa
Yale,Iowa
Wyoming,Iowa
Worthington,Iowa
Woolstock,Iowa
Woodward,Iowa
Woodburn,Iowa
Woodbine,Iowa
Woden,Iowa
Wiota,Iowa
Winthrop,Iowa
Winterset,Iowa
Winfield,Iowa
Windsor Heights,Iowa
Wilton,Iowa
Williamson,Iowa
Williamsburg,Iowa
Williams,Iowa
Willey,Iowa
Whitten,Iowa
Whittemore,Iowa
Whiting,Iowa
Wheatland,Iowa
What Cheer,Iowa
Wever,Iowa
Westwood,Iowa
Westside,Iowa
Westphalia,Iowa
Weston,Iowa
Westgate,Iowa
Westfield,Iowa
West Union,Iowa
West Point,Iowa
West Okoboji,Iowa
West Liberty,Iowa
West Des Moines,Iowa
West Chester,Iowa
West Burlington,Iowa
West Branch,Iowa
West Bend,Iowa
West Amana,Iowa
Wesley,Iowa
Welton,Iowa
Wellsburg,Iowa
Wellman,Iowa
Weldon,Iowa
Webster City,Iowa
Webster,Iowa
Webb,Iowa
Wayland,Iowa
Waverly,Iowa
Waukon,Iowa
Waukee,Iowa
Waucoma,Iowa
Watkins,Iowa
Waterville,Iowa
Waterloo,Iowa
Washta,Iowa
Washington,Iowa
Washburn,Iowa
Wapello,Iowa
Walnut,Iowa
Wallingford,Iowa
Wall Lake,Iowa
Walker,Iowa
Walford,Iowa
Walcott,Iowa
Wahpeton,Iowa
Wadena,Iowa
Volga,Iowa
Vinton,Iowa
Vining,Iowa
Vincent,Iowa
Villisca,Iowa
Victor,Iowa
Ventura,Iowa
Varina,Iowa
Van Wert,Iowa
Van Meter,Iowa
Van Horne,Iowa
Valeria,Iowa
Vail,Iowa
Ute,Iowa
Urbandale,Iowa
Urbana,Iowa
University Park,Iowa
University Heights,Iowa
Unionville,Iowa
Union,Iowa
Underwood,Iowa
Udell,Iowa
Twin Lakes,Iowa
Turin,Iowa
Truro,Iowa
Truesdale,Iowa
Tripoli,Iowa
